G9T5,yellow,2019-11-11 19:25:37,computer architecture,searchbox,,,,,,,,,,,,,
BBRP,blue,2019-11-11 19:25:41,Computer science,direct,,,,,,,,,,,,,
JNMM,red,2019-11-11 19:25:45,Evidence based medicine,direct,,,,,,,,,,,,,
BBRP,blue,2019-11-11 19:25:50,Machine learning,similar,,,,,,,,,,,,,
SK9V,green,2019-11-11 19:25:50,artificial intelligence,searchbox,,,,,,,,,,,,,
JNMM,red,2019-11-11 19:25:52,Health care,direct,,,,,,,,,,,,,
ROGI,blue,2019-11-11 19:25:53,Computer architecture,direct,,,,,,,,,,,,,
BBRP,blue,2019-11-11 19:25:55,Artificial intelligence,similar,,,,,,,,,,,,,
G9T5,yellow,2019-11-11 19:26:01,computer architecture faculty,searchbox,,,,,,,,,,,,,
G9T5,yellow,2019-11-11 19:26:03,computer architecture faculty,searchbox,,,,,,,,,,,,,
BBRP,blue,2019-11-11 19:26:07,Visual analytics,direct,,,,,,,,,,,,,
NOSO,yellow,2019-11-11 19:26:11,computer architecture,searchbox,,,,,,,,,,,,,
C2MH,red,2019-11-11 19:26:11,Artificial intelligence,direct,,,,,,,,,,,,,
JNMM,red,2019-11-11 19:26:12,Mental disorder,direct,,,,,,,,,,,,,
ZCNM,yellow,2019-11-11 19:26:13,bioinformatics,searchbox,,,,,,,,,,,,,
ROGI,blue,2019-11-11 19:26:14,Operating system,similar,,,,,,,,,,,,,
NOSO,yellow,2019-11-11 19:26:18,computer architecture advisor,searchbox,,,,,,,,,,,,,
ROGI,blue,2019-11-11 19:26:18,Machine learning,similar,,,,,,,,,,,,,
JNMM,red,2019-11-11 19:26:19,Machine learning,similar,,,,,,,,,,,,,
BBRP,blue,2019-11-11 19:26:20,Neural network,similar,,,,,,,,,,,,,
NOSO,yellow,2019-11-11 19:26:20,computer architecture advisor,searchbox,,,,,,,,,,,,,
ZCNM,yellow,2019-11-11 19:26:21,biology,searchbox,,,,,,,,,,,,,
DU58,green,2019-11-11 19:26:21,artificial intelligence,searchbox,,,,,,,,,,,,,
ES3R,yellow,2019-11-11 19:26:33,computer architecture,searchbox,,,,,,,,,,,,,
JNMM,red,2019-11-11 19:26:36,Machine learning,remove,,,,,,,,,,,,,
OAEG,blue,2019-11-11 19:26:38,Computer architecture,direct,,,,,,,,,,,,,
01UI,green,2019-11-11 19:26:41,artificial intelligence,searchbox,,,,,,,,,,,,,
DJEG,yellow,2019-11-11 19:26:43,human computer interaction,searchbox,,,,,,,,,,,,,
M3VR,blue,2019-11-11 19:26:43,Computer architecture,direct,,,,,,,,,,,,,
WOTF,green,2019-11-11 19:26:46,artificial intelligince ,searchbox,,,,,,,,,,,,,
JNMM,red,2019-11-11 19:26:46,Artificial intelligence,details,,,,,,,,,,,,,
WOTF,green,2019-11-11 19:26:50,artificial intelligence ,searchbox,,,,,,,,,,,,,
2H6O,red,2019-11-11 19:26:51,Spoken language,direct,,,,,,,,,,,,,
ZUMP,blue,2019-11-11 19:26:52,Computer architecture,direct,,,,,,,,,,,,,
ROGI,blue,2019-11-11 19:26:52,Operating system,remove,,,,,,,,,,,,,
OJWB,red,2019-11-11 19:26:53,Machine learning,direct,,,,,,,,,,,,,
QDRT,green,2019-11-11 19:26:58,artificial intellegence,searchbox,,,,,,,,,,,,,
ROGI,blue,2019-11-11 19:27:02,Deep learning,similar,,,,,,,,,,,,,
IKBJ,yellow,2019-11-11 19:27:02,computer architecture,searchbox,,,,,,,,,,,,,
ROGI,blue,2019-11-11 19:27:03,Machine learning,remove,,,,,,,,,,,,,
NP3J,green,2019-11-11 19:27:04,artificial intelligence,searchbox,,,,,,,,,,,,,
5ITM,green,2019-11-11 19:27:04,artificial intelligence,searchbox,,,,,,,,,,,,,
G9T5,yellow,2019-11-11 19:27:05,computer architecture related field,searchbox,,,,,,,,,,,,,
ROGI,blue,2019-11-11 19:27:08,Neural network,similar,,,,,,,,,,,,,
2H6O,red,2019-11-11 19:27:09,Language identification,similar,,,,,,,,,,,,,
G9T5,yellow,2019-11-11 19:27:11,computer engineering,searchbox,,,,,,,,,,,,,
OJWB,red,2019-11-11 19:27:12,Fuzzy logic,details,,,,,,,,,,,,,
D49Q,red,2019-11-11 19:27:16,Human–computer interaction,direct,,,,,,,,,,,,,
OJWB,red,2019-11-11 19:27:16,Artificial intelligence,details,,,,,,,,,,,,,
ZCNM,yellow,2019-11-11 19:27:19,biology,searchbox,,,,,,,,,,,,,
OJWB,red,2019-11-11 19:27:19,Data analysis,details,,,,,,,,,,,,,
D49Q,red,2019-11-11 19:27:21,Artificial intelligence,similar,,,,,,,,,,,,,
45UW,blue,2019-11-11 19:27:21,Computer architecture,direct,,,,,,,,,,,,,
801Z,red,2019-11-11 19:27:21,Wearable computer,direct,,,,,,,,,,,,,
ZUMP,blue,2019-11-11 19:27:24,Instruction scheduling,details,,,,,,,,,,,,,
CVVU,yellow,2019-11-11 19:27:29,computer architecture,searchbox,,,,,,,,,,,,,
OH12,red,2019-11-11 19:27:31,Artificial intelligence,direct,,,,,,,,,,,,,
QI92,green,2019-11-11 19:27:36,machine learning,searchbox,,,,,,,,,,,,,
ZUMP,blue,2019-11-11 19:27:37,Instruction scheduling,remove,,,,,,,,,,,,,
OH12,red,2019-11-11 19:27:42,Machine learning,similar,,,,,,,,,,,,,
OH12,red,2019-11-11 19:27:44,Machine learning,remove,,,,,,,,,,,,,
C2MH,red,2019-11-11 19:27:44,Machine learning,similar,,,,,,,,,,,,,
LKLR,green,2019-11-11 19:27:45,information visualization,searchbox,,,,,,,,,,,,,
ROGI,blue,2019-11-11 19:27:48,Deep learning,remove,,,,,,,,,,,,,
ROGI,blue,2019-11-11 19:27:48,Neural network,remove,,,,,,,,,,,,,
2H6O,red,2019-11-11 19:27:49,Neural network,similar,,,,,,,,,,,,,
5MGY,yellow,2019-11-11 19:27:51,computer architecture ,searchbox,,,,,,,,,,,,,
N7P0,red,2019-11-11 19:27:51,Virtual reality,direct,,,,,,,,,,,,,
8IVJ,yellow,2019-11-11 19:27:53,website design,searchbox,,,,,,,,,,,,,
45UW,blue,2019-11-11 19:27:54,Computer architecture,direct,,,,,,,,,,,,,
C2MH,red,2019-11-11 19:27:57,Artificial intelligence,remove,,,,,,,,,,,,,
2H6O,red,2019-11-11 19:27:59,Deep learning,similar,,,,,,,,,,,,,
9P3N,green,2019-11-11 19:28:00,artificial intelligence,searchbox,,,,,,,,,,,,,
801Z,red,2019-11-11 19:28:02,Artificial intelligence,similar,,,,,,,,,,,,,
45UW,blue,2019-11-11 19:28:06,Operating system,similar,,,,,,,,,,,,,
TDFS,blue,2019-11-11 19:28:09,Network monitoring,direct,,,,,,,,,,,,,
JNMM,red,2019-11-11 19:28:10,Health care,remove,,,,,,,,,,,,,
45UW,blue,2019-11-11 19:28:10,Embedded system,similar,,,,,,,,,,,,,
DJEG,yellow,2019-11-11 19:28:10,interactive design,searchbox,,,,,,,,,,,,,
C2MH,red,2019-11-11 19:28:11,Machine learning,remove,,,,,,,,,,,,,
G9T5,yellow,2019-11-11 19:28:11,computer engineering female,searchbox,,,,,,,,,,,,,
N7P0,red,2019-11-11 19:28:12,Artificial intelligence,similar,,,,,,,,,,,,,
C2MH,red,2019-11-11 19:28:13,Artificial intelligence,similar,,,,,,,,,,,,,
NOSO,yellow,2019-11-11 19:28:13,computer architecture grant,searchbox,,,,,,,,,,,,,
G9T5,yellow,2019-11-11 19:28:13,computer engineering female,searchbox,,,,,,,,,,,,,
5MGY,yellow,2019-11-11 19:28:14,computer architecture pitt,searchbox,,,,,,,,,,,,,
9HVH,red,2019-11-11 19:28:15,Artificial intelligence,direct,,,,,,,,,,,,,
45UW,blue,2019-11-11 19:28:16,Neural network,similar,,,,,,,,,,,,,
5MGY,yellow,2019-11-11 19:28:17,computer architecture pitt,searchbox,,,,,,,,,,,,,
G9T5,yellow,2019-11-11 19:28:17,computer engineering diverse,searchbox,,,,,,,,,,,,,
ZCNM,yellow,2019-11-11 19:28:17,Informatics,searchbox,,,,,,,,,,,,,
5MGY,yellow,2019-11-11 19:28:18,computer architecture pitt,searchbox,,,,,,,,,,,,,
5MGY,yellow,2019-11-11 19:28:18,computer architecture pitt,searchbox,,,,,,,,,,,,,
5MGY,yellow,2019-11-11 19:28:18,computer architecture pitt,searchbox,,,,,,,,,,,,,
5MGY,yellow,2019-11-11 19:28:18,computer architecture pitt,searchbox,,,,,,,,,,,,,
5MGY,yellow,2019-11-11 19:28:18,computer architecture pitt,searchbox,,,,,,,,,,,,,
801Z,red,2019-11-11 19:28:19,Neural network,similar,,,,,,,,,,,,,
C2MH,red,2019-11-11 19:28:19,Machine learning,similar,,,,,,,,,,,,,
C2MH,red,2019-11-11 19:28:20,Artificial intelligence,remove,,,,,,,,,,,,,
8IVJ,yellow,2019-11-11 19:28:21,big data,searchbox,,,,,,,,,,,,,
OH12,red,2019-11-11 19:28:23,Machine learning,similar,,,,,,,,,,,,,
G9T5,yellow,2019-11-11 19:28:24,software engineer,searchbox,,,,,,,,,,,,,
N7P0,red,2019-11-11 19:28:26,Machine learning,details,,,,,,,,,,,,,
9HVH,red,2019-11-11 19:28:28,Machine learning,similar,,,,,,,,,,,,,
8IVJ,yellow,2019-11-11 19:28:31,communication,searchbox,,,,,,,,,,,,,
5MGY,yellow,2019-11-11 19:28:31,computer architecture pitt,searchbox,,,,,,,,,,,,,
5MGY,yellow,2019-11-11 19:28:32,computer architecture pitt,searchbox,,,,,,,,,,,,,
ROGI,blue,2019-11-11 19:28:32,Embedded system,similar,,,,,,,,,,,,,
TJLN,green,2019-11-11 19:28:33,artificial Intelligence,searchbox,,,,,,,,,,,,,
5MGY,yellow,2019-11-11 19:28:34,computer architecture ,searchbox,,,,,,,,,,,,,
DJEG,yellow,2019-11-11 19:28:35,User Experience Design,searchbox,,,,,,,,,,,,,
801Z,red,2019-11-11 19:28:36,Deep learning,similar,,,,,,,,,,,,,
5MGY,yellow,2019-11-11 19:28:36,computer ,searchbox,,,,,,,,,,,,,
N7P0,red,2019-11-11 19:28:37,Deep learning,details,,,,,,,,,,,,,
5MGY,yellow,2019-11-11 19:28:42,computer architecture at pitt,searchbox,,,,,,,,,,,,,
9HVH,red,2019-11-11 19:28:50,Deep learning,details,,,,,,,,,,,,,
8IVJ,yellow,2019-11-11 19:28:53,big data,searchbox,,,,,,,,,,,,,
SK9V,green,2019-11-11 19:28:55,pittsburgh,searchbox,,,,,,,,,,,,,
WOTF,green,2019-11-11 19:28:55,data mining ,searchbox,,,,,,,,,,,,,
01UI,green,2019-11-11 19:28:57,nl[,searchbox,,,,,,,,,,,,,
ROGI,blue,2019-11-11 19:28:58,Embedded system,remove,,,,,,,,,,,,,
01UI,green,2019-11-11 19:28:59,nlp,searchbox,,,,,,,,,,,,,
801Z,red,2019-11-11 19:29:01,Computer vision,similar,,,,,,,,,,,,,
LHQ5,blue,2019-11-11 19:29:02,Computer architecture,direct,,,,,,,,,,,,,
HSWX,blue,2019-11-11 19:29:03,Network monitoring,direct,,,,,,,,,,,,,
WOTF,green,2019-11-11 19:29:09,data mining and artificial intelligince ,searchbox,,,,,,,,,,,,,
FDGO,red,2019-11-11 19:29:09,Artificial intelligence,direct,,,,,,,,,,,,,
ZUMP,blue,2019-11-11 19:29:10,Transactional memory,details,,,,,,,,,,,,,
DJEG,yellow,2019-11-11 19:29:11,web development,searchbox,,,,,,,,,,,,,
WOTF,green,2019-11-11 19:29:12,data mining and artificial intelligence ,searchbox,,,,,,,,,,,,,
TDFS,blue,2019-11-11 19:29:12,Fault tolerance,similar,,,,,,,,,,,,,
SK9V,green,2019-11-11 19:29:13,artificial intelligence and robots,searchbox,,,,,,,,,,,,,
ZCNM,yellow,2019-11-11 19:29:16,arabic,searchbox,,,,,,,,,,,,,
OH12,red,2019-11-11 19:29:18,Deep learning,similar,,,,,,,,,,,,,
TDFS,blue,2019-11-11 19:29:19,Fault tolerance,remove,,,,,,,,,,,,,
HSWX,blue,2019-11-11 19:29:20,Computer security,direct,,,,,,,,,,,,,
ZCNM,yellow,2019-11-11 19:29:21,linguistics,searchbox,,,,,,,,,,,,,
QI92,green,2019-11-11 19:29:22,machine ,searchbox,,,,,,,,,,,,,
TYNN,yellow,2019-11-11 19:29:23,computer architecture,searchbox,,,,,,,,,,,,,
QI92,green,2019-11-11 19:29:28,web,searchbox,,,,,,,,,,,,,
NOSO,yellow,2019-11-11 19:29:28,computer architecture scholar,searchbox,,,,,,,,,,,,,
TDFS,blue,2019-11-11 19:29:29,Wireless network,direct,,,,,,,,,,,,,
C5ZL,blue,2019-11-11 19:29:29,Computer architecture,direct,,,,,,,,,,,,,
HSWX,blue,2019-11-11 19:29:31,Hardware security,similar,,,,,,,,,,,,,
NOSO,yellow,2019-11-11 19:29:31,computer architecture scholar,searchbox,,,,,,,,,,,,,
NP3J,green,2019-11-11 19:29:32,machine learning pittsburgh,searchbox,,,,,,,,,,,,,
9HVH,red,2019-11-11 19:29:37,Pattern recognition,details,,,,,,,,,,,,,
NOSO,yellow,2019-11-11 19:29:38,computer architecture helper,searchbox,,,,,,,,,,,,,
NOSO,yellow,2019-11-11 19:29:39,computer architecture helper,searchbox,,,,,,,,,,,,,
LKLR,green,2019-11-11 19:29:40,data analysis,searchbox,,,,,,,,,,,,,
QI92,green,2019-11-11 19:29:41,css,searchbox,,,,,,,,,,,,,
LHQ5,blue,2019-11-11 19:29:41,Big data,direct,,,,,,,,,,,,,
5MGY,yellow,2019-11-11 19:29:42,computer architecture,searchbox,,,,,,,,,,,,,
C2MH,red,2019-11-11 19:29:42,Neural network,similar,,,,,,,,,,,,,
5MGY,yellow,2019-11-11 19:29:43,computer architecture,searchbox,,,,,,,,,,,,,
QI92,green,2019-11-11 19:29:43,c,searchbox,,,,,,,,,,,,,
5MGY,yellow,2019-11-11 19:29:44,computer architecture,searchbox,,,,,,,,,,,,,
ZUMP,blue,2019-11-11 19:29:46,Transactional memory,remove,,,,,,,,,,,,,
TYNN,yellow,2019-11-11 19:29:46,computer architecture cyber security,searchbox,,,,,,,,,,,,,
QI92,green,2019-11-11 19:29:49,ca,searchbox,,,,,,,,,,,,,
TDFS,blue,2019-11-11 19:29:50,Wireless network,remove,,,,,,,,,,,,,
LHQ5,blue,2019-11-11 19:29:51,Machine learning,similar,,,,,,,,,,,,,
ZUMP,blue,2019-11-11 19:29:54,Computer architecture,direct,,,,,,,,,,,,,
45UW,blue,2019-11-11 19:29:55,Operating system,remove,,,,,,,,,,,,,
45UW,blue,2019-11-11 19:29:55,Embedded system,remove,,,,,,,,,,,,,
45UW,blue,2019-11-11 19:29:56,Neural network,remove,,,,,,,,,,,,,
45UW,blue,2019-11-11 19:29:59,Machine learning,similar,,,,,,,,,,,,,
IKBJ,yellow,2019-11-11 19:29:59,architecture,searchbox,,,,,,,,,,,,,
ZUMP,blue,2019-11-11 19:30:00,Embedded system,similar,,,,,,,,,,,,,
BBRP,blue,2019-11-11 19:30:00,sports,searchbox,,,,,,,,,,,,,
45UW,blue,2019-11-11 19:30:00,Artificial intelligence,similar,,,,,,,,,,,,,
OAEG,blue,2019-11-11 19:30:05,Data warehouse,direct,,,,,,,,,,,,,
OH12,red,2019-11-11 19:30:05,Neural network,similar,,,,,,,,,,,,,
BBRP,blue,2019-11-11 19:30:05,anal,searchbox,,,,,,,,,,,,,
NP3J,green,2019-11-11 19:30:07,carnegie mellon machine learning,searchbox,,,,,,,,,,,,,
45UW,blue,2019-11-11 19:30:09,Machine learning,remove,,,,,,,,,,,,,
45UW,blue,2019-11-11 19:30:10,Artificial intelligence,remove,,,,,,,,,,,,,
NP3J,green,2019-11-11 19:30:11,carnegie mellon machine learning,searchbox,,,,,,,,,,,,,
BBRP,blue,2019-11-11 19:30:13,b,searchbox,,,,,,,,,,,,,
45UW,blue,2019-11-11 19:30:14,Parallel computing,similar,,,,,,,,,,,,,
QI92,green,2019-11-11 19:30:15,machinene,searchbox,,,,,,,,,,,,,
QI92,green,2019-11-11 19:30:15,machine,searchbox,,,,,,,,,,,,,
BBRP,blue,2019-11-11 19:30:16,a,searchbox,,,,,,,,,,,,,
45UW,blue,2019-11-11 19:30:17,Operating system,similar,,,,,,,,,,,,,
C2MH,red,2019-11-11 19:30:17,Artificial intelligence,similar,,,,,,,,,,,,,
NP3J,green,2019-11-11 19:30:17,carnegie mellon ai,searchbox,,,,,,,,,,,,,
BBRP,blue,2019-11-11 19:30:18,e,searchbox,,,,,,,,,,,,,
OAEG,blue,2019-11-11 19:30:21,Data management,direct,,,,,,,,,,,,,
NP3J,green,2019-11-11 19:30:23,carnegie mellon artificial intelligence,searchbox,,,,,,,,,,,,,
QI92,green,2019-11-11 19:30:23,web programming,searchbox,,,,,,,,,,,,,
2H6O,red,2019-11-11 19:30:25,Machine learning,similar,,,,,,,,,,,,,
DU58,green,2019-11-11 19:30:25,ai,searchbox,,,,,,,,,,,,,
WOTF,green,2019-11-11 19:30:31,data analytics and artificial intelligence ,searchbox,,,,,,,,,,,,,
DU58,green,2019-11-11 19:30:31,artificial intelligence,searchbox,,,,,,,,,,,,,
C5ZL,blue,2019-11-11 19:30:32,Programming language,details,,,,,,,,,,,,,
WOTF,green,2019-11-11 19:30:33,data analytics and artificial intelligence ,searchbox,,,,,,,,,,,,,
NP3J,green,2019-11-11 19:30:36,pittsburgh artificial intelligence,searchbox,,,,,,,,,,,,,
9HVH,red,2019-11-11 19:30:37,Feature learning,details,,,,,,,,,,,,,
NP3J,green,2019-11-11 19:30:41,pittsburgh machine learning,searchbox,,,,,,,,,,,,,
TDFS,blue,2019-11-11 19:30:41,Wireless network,direct,,,,,,,,,,,,,
ZCNM,yellow,2019-11-11 19:30:45,machine learning,searchbox,,,,,,,,,,,,,
JNMM,red,2019-11-11 19:30:45,Evidence based medicine,remove,,,,,,,,,,,,,
01UI,green,2019-11-11 19:30:48,Face recognition,searchbox,,,,,,,,,,,,,
G9T5,yellow,2019-11-11 19:30:51,Artificial intelligence,direct,,,,,,,,,,,,,
BBRP,blue,2019-11-11 19:30:52,a,searchbox,,,,,,,,,,,,,
BBRP,blue,2019-11-11 19:30:53,c,searchbox,,,,,,,,,,,,,
LHQ5,blue,2019-11-11 19:30:54,Data analysis,direct,,,,,,,,,,,,,
BBRP,blue,2019-11-11 19:30:55,b,searchbox,,,,,,,,,,,,,
TYNN,yellow,2019-11-11 19:30:55,computer architecture cyber security reverse engineering,searchbox,,,,,,,,,,,,,
G9T5,yellow,2019-11-11 19:30:56,Machine learning,similar,,,,,,,,,,,,,
TDFS,blue,2019-11-11 19:30:57,Computer security,direct,,,,,,,,,,,,,
G9T5,yellow,2019-11-11 19:31:01,Reinforcement learning,similar,,,,,,,,,,,,,
G9T5,yellow,2019-11-11 19:31:04,Computer architecture,similar,,,,,,,,,,,,,
801Z,red,2019-11-11 19:31:10,data,searchbox,,,,,,,,,,,,,
OAEG,blue,2019-11-11 19:31:11,Data science,direct,,,,,,,,,,,,,
ZUMP,blue,2019-11-11 19:31:11,Embedded system,remove,,,,,,,,,,,,,
G9T5,yellow,2019-11-11 19:31:13,Reinforcement learning,remove,,,,,,,,,,,,,
TYNN,yellow,2019-11-11 19:31:15,computer architecture cyber security penetration testing,searchbox,,,,,,,,,,,,,
BBRP,blue,2019-11-11 19:31:16,h,searchbox,,,,,,,,,,,,,
BBRP,blue,2019-11-11 19:31:18,f,searchbox,,,,,,,,,,,,,
BBRP,blue,2019-11-11 19:31:19,a,searchbox,,,,,,,,,,,,,
BBRP,blue,2019-11-11 19:31:20,s,searchbox,,,,,,,,,,,,,
8IVJ,yellow,2019-11-11 19:31:22,data analytics,searchbox,,,,,,,,,,,,,
C5ZL,blue,2019-11-11 19:31:25,Instruction scheduling,details,,,,,,,,,,,,,
C5ZL,blue,2019-11-11 19:31:32,Parallel computing,similar,,,,,,,,,,,,,
CVVU,yellow,2019-11-11 19:31:32,computer science,searchbox,,,,,,,,,,,,,
N7P0,red,2019-11-11 19:31:33,Virtual reality,remove,,,,,,,,,,,,,
C5ZL,blue,2019-11-11 19:31:36,Embedded system,similar,,,,,,,,,,,,,
8IVJ,yellow,2019-11-11 19:31:37,data science,searchbox,,,,,,,,,,,,,
N7P0,red,2019-11-11 19:31:43,Game design,direct,,,,,,,,,,,,,
NP3J,green,2019-11-11 19:31:47,pittsburgh computer model,searchbox,,,,,,,,,,,,,
DJEG,yellow,2019-11-11 19:31:52,Artificial intelligence,direct,,,,,,,,,,,,,
HSWX,blue,2019-11-11 19:31:53,Mobile malware,details,,,,,,,,,,,,,
DJEG,yellow,2019-11-11 19:31:55,Machine learning,similar,,,,,,,,,,,,,
ZUMP,blue,2019-11-11 19:31:57,Operating system,similar,,,,,,,,,,,,,
LHQ5,blue,2019-11-11 19:32:00,Artificial intelligence,details,,,,,,,,,,,,,
OAEG,blue,2019-11-11 19:32:02,Data warehouse,remove,,,,,,,,,,,,,
FGGG,blue,2019-11-11 19:32:03,Information science,direct,,,,,,,,,,,,,
ZUMP,blue,2019-11-11 19:32:06,Machine learning,similar,,,,,,,,,,,,,
45UW,blue,2019-11-11 19:32:08,Machine learning,similar,,,,,,,,,,,,,
45UW,blue,2019-11-11 19:32:09,Artificial intelligence,similar,,,,,,,,,,,,,
G9T5,yellow,2019-11-11 19:32:11,Computer architecture,remove,,,,,,,,,,,,,
ZUMP,blue,2019-11-11 19:32:11,Operating system,remove,,,,,,,,,,,,,
G9T5,yellow,2019-11-11 19:32:16,Neural network,similar,,,,,,,,,,,,,
ROGI,blue,2019-11-11 19:32:20,ai,searchbox,,,,,,,,,,,,,
LKLR,green,2019-11-11 19:32:21,data mining ,searchbox,,,,,,,,,,,,,
NP3J,green,2019-11-11 19:32:21,computer model,searchbox,,,,,,,,,,,,,
C5ZL,blue,2019-11-11 19:32:23,Programming language,remove,,,,,,,,,,,,,
9HVH,red,2019-11-11 19:32:23,Feature learning,remove,,,,,,,,,,,,,
C5ZL,blue,2019-11-11 19:32:24,Instruction scheduling,remove,,,,,,,,,,,,,
C5ZL,blue,2019-11-11 19:32:24,Parallel computing,remove,,,,,,,,,,,,,
C5ZL,blue,2019-11-11 19:32:24,Embedded system,remove,,,,,,,,,,,,,
ROGI,blue,2019-11-11 19:32:28,artifical intelligence,searchbox,,,,,,,,,,,,,
NP3J,green,2019-11-11 19:32:30,artificial intelligence,searchbox,,,,,,,,,,,,,
LKLR,green,2019-11-11 19:32:35,software development,searchbox,,,,,,,,,,,,,
G9T5,yellow,2019-11-11 19:32:35,Computer architecture,similar,,,,,,,,,,,,,
N7P0,red,2019-11-11 19:32:35,Deep learning,remove,,,,,,,,,,,,,
G9T5,yellow,2019-11-11 19:32:36,Reinforcement learning,similar,,,,,,,,,,,,,
CVVU,yellow,2019-11-11 19:32:40,FPGA,searchbox,,,,,,,,,,,,,
N7P0,red,2019-11-11 19:32:43,Machine learning,remove,,,,,,,,,,,,,
NP3J,green,2019-11-11 19:32:43,machine learning,searchbox,,,,,,,,,,,,,
LKLR,green,2019-11-11 19:32:46,environmental engineering,searchbox,,,,,,,,,,,,,
FGGG,blue,2019-11-11 19:32:46,Cloud computing,details,,,,,,,,,,,,,
CVVU,yellow,2019-11-11 19:32:46,FPGAs,searchbox,,,,,,,,,,,,,
N7P0,red,2019-11-11 19:32:47,Artificial intelligence,remove,,,,,,,,,,,,,
NP3J,green,2019-11-11 19:32:49,python,searchbox,,,,,,,,,,,,,
FGGG,blue,2019-11-11 19:32:50,Computer architecture,details,,,,,,,,,,,,,
N7P0,red,2019-11-11 19:32:52,Big data,details,,,,,,,,,,,,,
8IVJ,yellow,2019-11-11 19:32:53,machine learning,searchbox,,,,,,,,,,,,,
CVVU,yellow,2019-11-11 19:32:53,Architecture,searchbox,,,,,,,,,,,,,
FGGG,blue,2019-11-11 19:32:55,Power management,details,,,,,,,,,,,,,
N7P0,red,2019-11-11 19:32:55,Artificial intelligence,details,,,,,,,,,,,,,
QI92,green,2019-11-11 19:32:57,AI,searchbox,,,,,,,,,,,,,
QI92,green,2019-11-11 19:32:59,A,searchbox,,,,,,,,,,,,,
8IVJ,yellow,2019-11-11 19:33:00,python,searchbox,,,,,,,,,,,,,
NP3J,green,2019-11-11 19:33:01,artificial intelligence,searchbox,,,,,,,,,,,,,
8IVJ,yellow,2019-11-11 19:33:03,coding,searchbox,,,,,,,,,,,,,
NP3J,green,2019-11-11 19:33:06,machine learning,searchbox,,,,,,,,,,,,,
QI92,green,2019-11-11 19:33:07,MACHINE LEARNING,searchbox,,,,,,,,,,,,,
8IVJ,yellow,2019-11-11 19:33:13,biology,searchbox,,,,,,,,,,,,,
ZUMP,blue,2019-11-11 19:33:17,Deep learning,similar,,,,,,,,,,,,,
C2MH,red,2019-11-11 19:33:18,computer architecture,searchbox,,,,,,,,,,,,,
C5ZL,blue,2019-11-11 19:33:22,Instruction scheduling,details,,,,,,,,,,,,,
LKLR,green,2019-11-11 19:33:23,indoor gas,searchbox,,,,,,,,,,,,,
C5ZL,blue,2019-11-11 19:33:23,Transactional memory,details,,,,,,,,,,,,,
LKLR,green,2019-11-11 19:33:31,indoor air,searchbox,,,,,,,,,,,,,
HSWX,blue,2019-11-11 19:33:34,Computer security,remove,,,,,,,,,,,,,
HSWX,blue,2019-11-11 19:33:35,Hardware security,remove,,,,,,,,,,,,,
M3VR,blue,2019-11-11 19:33:35,machine learning and artificial intelligence,searchbox,,,,,,,,,,,,,
LKLR,green,2019-11-11 19:33:37,indoor air quality,searchbox,,,,,,,,,,,,,
HSWX,blue,2019-11-11 19:33:38,Mobile malware,remove,,,,,,,,,,,,,
OJWB,red,2019-11-11 19:33:39,computer archetecture,searchbox,,,,,,,,,,,,,
HSWX,blue,2019-11-11 19:33:41,Packet processing,similar,,,,,,,,,,,,,
45UW,blue,2019-11-11 19:33:44,Neural network,similar,,,,,,,,,,,,,
JNMM,red,2019-11-11 19:33:49,sports,searchbox,,,,,,,,,,,,,
JNMM,red,2019-11-11 19:33:54,architecture,searchbox,,,,,,,,,,,,,
QI92,green,2019-11-11 19:33:57,web,searchbox,,,,,,,,,,,,,
DJEG,yellow,2019-11-11 19:34:11,Deep learning,similar,,,,,,,,,,,,,
CVVU,yellow,2019-11-11 19:34:20,Intel,searchbox,,,,,,,,,,,,,
2H6O,red,2019-11-11 19:34:22,optimization,searchbox,,,,,,,,,,,,,
8IVJ,yellow,2019-11-11 19:34:23,psychology,searchbox,,,,,,,,,,,,,
2H6O,red,2019-11-11 19:34:25,optimization,searchbox,,,,,,,,,,,,,
CVVU,yellow,2019-11-11 19:34:27,Computer Architecutre,searchbox,,,,,,,,,,,,,
NOSO,yellow,2019-11-11 19:34:29,Artificial intelligence,direct,,,,,,,,,,,,,
CVVU,yellow,2019-11-11 19:34:32,Computer Architecture,searchbox,,,,,,,,,,,,,
NOSO,yellow,2019-11-11 19:34:34,Machine learning,similar,,,,,,,,,,,,,
LKLR,green,2019-11-11 19:34:34,cloud computing,searchbox,,,,,,,,,,,,,
CVVU,yellow,2019-11-11 19:34:35,Computer Architecture,searchbox,,,,,,,,,,,,,
OH12,red,2019-11-11 19:34:37,Pattern recognition,details,,,,,,,,,,,,,
OAEG,blue,2019-11-11 19:34:40,Data science,remove,,,,,,,,,,,,,
OAEG,blue,2019-11-11 19:34:41,Data management,remove,,,,,,,,,,,,,
ROGI,blue,2019-11-11 19:34:46,artifical intelligence,searchbox,,,,,,,,,,,,,
2H6O,red,2019-11-11 19:34:51,math,searchbox,,,,,,,,,,,,,
NOSO,yellow,2019-11-11 19:34:52,Data mining,details,,,,,,,,,,,,,
ZCNM,yellow,2019-11-11 19:34:53,Health informatics,direct,,,,,,,,,,,,,
2H6O,red,2019-11-11 19:34:58,language,searchbox,,,,,,,,,,,,,
ZCNM,yellow,2019-11-11 19:35:02,Population health,similar,,,,,,,,,,,,,
JNMM,red,2019-11-11 19:35:07,architecture google,searchbox,,,,,,,,,,,,,
C5ZL,blue,2019-11-11 19:35:07,Programming language,details,,,,,,,,,,,,,
01UI,green,2019-11-11 19:35:09,Computer architecture,direct,,,,,,,,,,,,,
HSWX,blue,2019-11-11 19:35:10,Packet processing,remove,,,,,,,,,,,,,
HSWX,blue,2019-11-11 19:35:12,Network monitoring,remove,,,,,,,,,,,,,
2H6O,red,2019-11-11 19:35:13,model,searchbox,,,,,,,,,,,,,
C2MH,red,2019-11-11 19:35:22,AI,searchbox,,,,,,,,,,,,,
HSWX,blue,2019-11-11 19:35:23,Code generation,direct,,,,,,,,,,,,,
01UI,green,2019-11-11 19:35:25,Embedded system,similar,,,,,,,,,,,,,
2H6O,red,2019-11-11 19:35:27,model,searchbox,,,,,,,,,,,,,
2H6O,red,2019-11-11 19:35:28,model,searchbox,,,,,,,,,,,,,
C2MH,red,2019-11-11 19:35:29,Artifical Intelligence,searchbox,,,,,,,,,,,,,
HSWX,blue,2019-11-11 19:35:32,Computer architecture,similar,,,,,,,,,,,,,
ZCNM,yellow,2019-11-11 19:35:32,Population health,remove,,,,,,,,,,,,,
2H6O,red,2019-11-11 19:35:34,optimization,searchbox,,,,,,,,,,,,,
8IVJ,yellow,2019-11-11 19:35:37,love,searchbox,,,,,,,,,,,,,
8IVJ,yellow,2019-11-11 19:35:37,love,searchbox,,,,,,,,,,,,,
2H6O,red,2019-11-11 19:35:38,optimization,searchbox,,,,,,,,,,,,,
ZCNM,yellow,2019-11-11 19:35:38,Autism spectrum,direct,,,,,,,,,,,,,
2H6O,red,2019-11-11 19:35:39,optimization,searchbox,,,,,,,,,,,,,
C2MH,red,2019-11-11 19:35:42,Computer Architecture,searchbox,,,,,,,,,,,,,
8IVJ,yellow,2019-11-11 19:35:43,relationships,searchbox,,,,,,,,,,,,,
8IVJ,yellow,2019-11-11 19:35:45,relationships,searchbox,,,,,,,,,,,,,
FGGG,blue,2019-11-11 19:35:45,Neural network,similar,,,,,,,,,,,,,
FGGG,blue,2019-11-11 19:35:50,Neural network,remove,,,,,,,,,,,,,
CVVU,yellow,2019-11-11 19:35:50,Computer ,searchbox,,,,,,,,,,,,,
WOTF,green,2019-11-11 19:35:55,Computer architecture,direct,,,,,,,,,,,,,
01UI,green,2019-11-11 19:35:57,Operating system,similar,,,,,,,,,,,,,
CVVU,yellow,2019-11-11 19:35:58,Computer Science,searchbox,,,,,,,,,,,,,
8IVJ,yellow,2019-11-11 19:36:01,music,searchbox,,,,,,,,,,,,,
WOTF,green,2019-11-11 19:36:01,Machine learning,similar,,,,,,,,,,,,,
2H6O,red,2019-11-11 19:36:02,deep learning,searchbox,,,,,,,,,,,,,
WOTF,green,2019-11-11 19:36:04,Artificial intelligence,similar,,,,,,,,,,,,,
HSWX,blue,2019-11-11 19:36:06,Neural network,similar,,,,,,,,,,,,,
C5ZL,blue,2019-11-11 19:36:10,Machine learning,similar,,,,,,,,,,,,,
WOTF,green,2019-11-11 19:36:16,Computer vision,similar,,,,,,,,,,,,,
ZUMP,blue,2019-11-11 19:36:16,artificial intellegence,searchbox,,,,,,,,,,,,,
D49Q,red,2019-11-11 19:36:23,computer architech,searchbox,,,,,,,,,,,,,
ZCNM,yellow,2019-11-11 19:36:24,Health informatics,remove,,,,,,,,,,,,,
ZUMP,blue,2019-11-11 19:36:24,Artificial Intelligence,searchbox,,,,,,,,,,,,,
ZCNM,yellow,2019-11-11 19:36:24,Autism spectrum,remove,,,,,,,,,,,,,
5MGY,yellow,2019-11-11 19:36:31,Artificial intelligence,direct,,,,,,,,,,,,,
2H6O,red,2019-11-11 19:36:35,machine learning,searchbox,,,,,,,,,,,,,
NP3J,green,2019-11-11 19:36:40,Computer architecture,direct,,,,,,,,,,,,,
ZCNM,yellow,2019-11-11 19:36:42,Machine learning,direct,,,,,,,,,,,,,
5MGY,yellow,2019-11-11 19:36:44,Information management,details,,,,,,,,,,,,,
WOTF,green,2019-11-11 19:36:45,Deep learning,similar,,,,,,,,,,,,,
ZCNM,yellow,2019-11-11 19:36:46,Neural network,similar,,,,,,,,,,,,,
5MGY,yellow,2019-11-11 19:36:48,Information discovery,details,,,,,,,,,,,,,
5MGY,yellow,2019-11-11 19:36:50,Knowledge management,details,,,,,,,,,,,,,
9P3N,green,2019-11-11 19:36:50,Computer architecture,direct,,,,,,,,,,,,,
NP3J,green,2019-11-11 19:36:54,Machine learning,similar,,,,,,,,,,,,,
FDGO,red,2019-11-11 19:36:54,computer architecture,searchbox,,,,,,,,,,,,,
9P3N,green,2019-11-11 19:36:55,Machine learning,similar,,,,,,,,,,,,,
NP3J,green,2019-11-11 19:36:57,Artificial intelligence,similar,,,,,,,,,,,,,
SK9V,green,2019-11-11 19:36:59,artificial intelligence and statistics,searchbox,,,,,,,,,,,,,
5ITM,green,2019-11-11 19:37:00,Data model,direct,,,,,,,,,,,,,
9HVH,red,2019-11-11 19:37:02,computer architecture,searchbox,,,,,,,,,,,,,
SK9V,green,2019-11-11 19:37:02,artificial intelligence and statistics,searchbox,,,,,,,,,,,,,
9P3N,green,2019-11-11 19:37:03,Artificial intelligence,similar,,,,,,,,,,,,,
FDGO,red,2019-11-11 19:37:03,computer architecture and related topics,searchbox,,,,,,,,,,,,,
FDGO,red,2019-11-11 19:37:05,computer architecture and related topics,searchbox,,,,,,,,,,,,,
ZUMP,blue,2019-11-11 19:37:08,Artificial Intelligence programming,searchbox,,,,,,,,,,,,,
FDGO,red,2019-11-11 19:37:10,computer,searchbox,,,,,,,,,,,,,
SK9V,green,2019-11-11 19:37:12,ai statistics,searchbox,,,,,,,,,,,,,
5ITM,green,2019-11-11 19:37:13,Computer architecture,direct,,,,,,,,,,,,,
FDGO,red,2019-11-11 19:37:16,science,searchbox,,,,,,,,,,,,,
LKLR,green,2019-11-11 19:37:17,web design,searchbox,,,,,,,,,,,,,
SK9V,green,2019-11-11 19:37:19,ai,searchbox,,,,,,,,,,,,,
5ITM,green,2019-11-11 19:37:21,Data analysis,direct,,,,,,,,,,,,,
SK9V,green,2019-11-11 19:37:22,ai statistics,searchbox,,,,,,,,,,,,,
FDGO,red,2019-11-11 19:37:23,data mining,searchbox,,,,,,,,,,,,,
NP3J,green,2019-11-11 19:37:27,Data mining,details,,,,,,,,,,,,,
OH12,red,2019-11-11 19:37:32,Neural network,remove,,,,,,,,,,,,,
FDGO,red,2019-11-11 19:37:35,computer architecture and related topics,searchbox,,,,,,,,,,,,,
ES3R,yellow,2019-11-11 19:37:41,Artificial intelligence,direct,,,,,,,,,,,,,
ZUMP,blue,2019-11-11 19:37:51,A.I.,searchbox,,,,,,,,,,,,,
TJLN,green,2019-11-11 19:37:53,Artificial intelligence,direct,,,,,,,,,,,,,
ES3R,yellow,2019-11-11 19:37:56,Machine learning,similar,,,,,,,,,,,,,
DU58,green,2019-11-11 19:37:58,Computer architecture,direct,,,,,,,,,,,,,
ZUMP,blue,2019-11-11 19:37:59,intelligence,searchbox,,,,,,,,,,,,,
WOTF,green,2019-11-11 19:38:01,Neural network,similar,,,,,,,,,,,,,
5MGY,yellow,2019-11-11 19:38:02,Philosophy of mathematics,details,,,,,,,,,,,,,
DU58,green,2019-11-11 19:38:03,Machine learning,similar,,,,,,,,,,,,,
WOTF,green,2019-11-11 19:38:05,Data mining,similar,,,,,,,,,,,,,
DU58,green,2019-11-11 19:38:06,Artificial intelligence,similar,,,,,,,,,,,,,
WOTF,green,2019-11-11 19:38:07,Neural network,remove,,,,,,,,,,,,,
ZUMP,blue,2019-11-11 19:38:08,artificial intelligence,searchbox,,,,,,,,,,,,,
ZUMP,blue,2019-11-11 19:38:09,artificial intelligence,searchbox,,,,,,,,,,,,,
NP3J,green,2019-11-11 19:38:12,Deep learning,similar,,,,,,,,,,,,,
9P3N,green,2019-11-11 19:38:14,Computer vision,similar,,,,,,,,,,,,,
N7P0,red,2019-11-11 19:38:15,computer architecture,searchbox,,,,,,,,,,,,,
QI92,green,2019-11-11 19:38:17,Missing data,direct,,,,,,,,,,,,,
N7P0,red,2019-11-11 19:38:25,computer architecture and data science,searchbox,,,,,,,,,,,,,
5ITM,green,2019-11-11 19:38:28,Semantic Web,details,,,,,,,,,,,,,
SK9V,green,2019-11-11 19:38:32,artificial intelligence,searchbox,,,,,,,,,,,,,
TJLN,green,2019-11-11 19:38:33,Computer vision,similar,,,,,,,,,,,,,
5ITM,green,2019-11-11 19:38:34,Artificial intelligence,details,,,,,,,,,,,,,
TJLN,green,2019-11-11 19:38:35,Deep learning,similar,,,,,,,,,,,,,
TJLN,green,2019-11-11 19:38:36,Computer architecture,similar,,,,,,,,,,,,,
QI92,green,2019-11-11 19:38:45,Machine learning,similar,,,,,,,,,,,,,
QI92,green,2019-11-11 19:38:49,Neural network,similar,,,,,,,,,,,,,
45UW,blue,2019-11-11 19:38:54,artificial intelligence ,searchbox,,,,,,,,,,,,,
LKLR,green,2019-11-11 19:38:59,computer science,searchbox,,,,,,,,,,,,,
ZUMP,blue,2019-11-11 19:39:03,programming,searchbox,,,,,,,,,,,,,
5ITM,green,2019-11-11 19:39:09,Smart city,details,,,,,,,,,,,,,
LHQ5,blue,2019-11-11 19:39:16,Artificial Intelligence ,searchbox,,,,,,,,,,,,,
QI92,green,2019-11-11 19:39:42,Computer vision,similar,,,,,,,,,,,,,
45UW,blue,2019-11-11 19:39:49,artificial intelligence and machine learning,searchbox,,,,,,,,,,,,,
8IVJ,yellow,2019-11-11 19:39:50,Data analysis,direct,,,,,,,,,,,,,
8IVJ,yellow,2019-11-11 19:39:54,Artificial intelligence,similar,,,,,,,,,,,,,
8IVJ,yellow,2019-11-11 19:39:58,Neural network,similar,,,,,,,,,,,,,
DU58,green,2019-11-11 19:39:59,Data mining,details,,,,,,,,,,,,,
HSWX,blue,2019-11-11 19:40:20,artificial intelligence,searchbox,,,,,,,,,,,,,
9P3N,green,2019-11-11 19:40:22,Computer vision,remove,,,,,,,,,,,,,
QI92,green,2019-11-11 19:40:32,Convolutional neural network,similar,,,,,,,,,,,,,
8IVJ,yellow,2019-11-11 19:40:35,Artificial intelligence,remove,,,,,,,,,,,,,
8IVJ,yellow,2019-11-11 19:40:37,Neural network,remove,,,,,,,,,,,,,
CVVU,yellow,2019-11-11 19:40:37,Artificial intelligence,direct,,,,,,,,,,,,,
8IVJ,yellow,2019-11-11 19:40:38,Data analysis,remove,,,,,,,,,,,,,
8IVJ,yellow,2019-11-11 19:40:41,Sound and music computing,direct,,,,,,,,,,,,,
LHQ5,blue,2019-11-11 19:40:49,Artificial Intelligence and Machine Learning,searchbox,,,,,,,,,,,,,
CVVU,yellow,2019-11-11 19:40:58,Neural network,similar,,,,,,,,,,,,,
QI92,green,2019-11-11 19:41:00,Pattern recognition,similar,,,,,,,,,,,,,
8IVJ,yellow,2019-11-11 19:41:05,Music information retrieval,similar,,,,,,,,,,,,,
8IVJ,yellow,2019-11-11 19:41:08,Sound and music computing,remove,,,,,,,,,,,,,
N7P0,red,2019-11-11 19:41:09,computer architecture ,searchbox,,,,,,,,,,,,,
8IVJ,yellow,2019-11-11 19:41:10,Music information retrieval,remove,,,,,,,,,,,,,
8IVJ,yellow,2019-11-11 19:41:11,Artificial intelligence,similar,,,,,,,,,,,,,
8IVJ,yellow,2019-11-11 19:41:22,Computer vision,similar,,,,,,,,,,,,,
HSWX,blue,2019-11-11 19:41:29,artificial intelligence and networsk,searchbox,,,,,,,,,,,,,
HSWX,blue,2019-11-11 19:41:32,artificial intelligence and networks,searchbox,,,,,,,,,,,,,
HSWX,blue,2019-11-11 19:41:34,artificial intelligence and networks,searchbox,,,,,,,,,,,,,
HSWX,blue,2019-11-11 19:41:36,artificial intelligence and networks,searchbox,,,,,,,,,,,,,
HSWX,blue,2019-11-11 19:41:36,artificial intelligence and networks,searchbox,,,,,,,,,,,,,
HSWX,blue,2019-11-11 19:41:37,artificial intelligence and networks,searchbox,,,,,,,,,,,,,
FGGG,blue,2019-11-11 19:41:37,artificial cloud,searchbox,,,,,,,,,,,,,
8IVJ,yellow,2019-11-11 19:41:39,Artificial intelligence,remove,,,,,,,,,,,,,
45UW,blue,2019-11-11 19:41:39,artificial intelligence ,searchbox,,,,,,,,,,,,,
8IVJ,yellow,2019-11-11 19:41:40,Computer vision,remove,,,,,,,,,,,,,
CVVU,yellow,2019-11-11 19:41:43,Machine learning,similar,,,,,,,,,,,,,
OAEG,blue,2019-11-11 19:41:46,artificial intellegence ,searchbox,,,,,,,,,,,,,
8IVJ,yellow,2019-11-11 19:41:47,Everyday life,direct,,,,,,,,,,,,,
OAEG,blue,2019-11-11 19:41:50,artificial intelligence ,searchbox,,,,,,,,,,,,,
C5ZL,blue,2019-11-11 19:42:12,artificial intelligence and machine learning and plant biology,searchbox,,,,,,,,,,,,,
TDFS,blue,2019-11-11 19:42:12,network security,searchbox,,,,,,,,,,,,,
8IVJ,yellow,2019-11-11 19:42:15,Everyday life,remove,,,,,,,,,,,,,
QDRT,green,2019-11-11 19:42:19,Computer architecture,direct,,,,,,,,,,,,,
8IVJ,yellow,2019-11-11 19:42:25,Video content analysis,direct,,,,,,,,,,,,,
CVVU,yellow,2019-11-11 19:42:31,Artificial intelligence,remove,,,,,,,,,,,,,
CVVU,yellow,2019-11-11 19:42:32,Neural network,remove,,,,,,,,,,,,,
CVVU,yellow,2019-11-11 19:42:35,Machine learning,remove,,,,,,,,,,,,,
CVVU,yellow,2019-11-11 19:42:36,Neural network,similar,,,,,,,,,,,,,
QDRT,green,2019-11-11 19:42:39,Embedded system,similar,,,,,,,,,,,,,
HSWX,blue,2019-11-11 19:42:56,networks,searchbox,,,,,,,,,,,,,
IKBJ,yellow,2019-11-11 19:42:59,Artificial intelligence,direct,,,,,,,,,,,,,
SK9V,green,2019-11-11 19:43:03,Computer architecture,direct,,,,,,,,,,,,,
HSWX,blue,2019-11-11 19:43:07,artificial intelligenc,searchbox,,,,,,,,,,,,,
SK9V,green,2019-11-11 19:43:13,Machine learning,similar,,,,,,,,,,,,,
SK9V,green,2019-11-11 19:43:15,Artificial intelligence,similar,,,,,,,,,,,,,
OAEG,blue,2019-11-11 19:43:22,artificial intelligence and data,searchbox,,,,,,,,,,,,,
IKBJ,yellow,2019-11-11 19:43:32,Neural network,similar,,,,,,,,,,,,,
IKBJ,yellow,2019-11-11 19:43:34,Neural network,remove,,,,,,,,,,,,,
HSWX,blue,2019-11-11 19:43:46,artificial intelligence,searchbox,,,,,,,,,,,,,
CVVU,yellow,2019-11-11 19:43:54,Artificial intelligence,similar,,,,,,,,,,,,,
LKLR,green,2019-11-11 19:44:35,Data analysis,direct,,,,,,,,,,,,,
TYNN,yellow,2019-11-11 19:45:08,Artificial intelligence,direct,,,,,,,,,,,,,
TDFS,blue,2019-11-11 19:45:14,computer security,searchbox,,,,,,,,,,,,,
TYNN,yellow,2019-11-11 19:45:15,Deep learning,similar,,,,,,,,,,,,,
TYNN,yellow,2019-11-11 19:45:17,Computer vision,similar,,,,,,,,,,,,,
TYNN,yellow,2019-11-11 19:45:19,Computer vision,remove,,,,,,,,,,,,,
TYNN,yellow,2019-11-11 19:45:21,Neural network,similar,,,,,,,,,,,,,
TYNN,yellow,2019-11-11 19:45:56,Machine learning,details,,,,,,,,,,,,,
TYNN,yellow,2019-11-11 19:46:01,Pattern recognition,details,,,,,,,,,,,,,
LKLR,green,2019-11-11 19:47:12,Cloud computing,similar,,,,,,,,,,,,,
TYNN,yellow,2019-11-11 19:47:13,Big data,details,,,,,,,,,,,,,
LKLR,green,2019-11-11 19:48:01,Data center,similar,,,,,,,,,,,,,
LKLR,green,2019-11-11 19:48:38,Power management,similar,,,,,,,,,,,,,
LKLR,green,2019-11-11 19:49:25,Artificial intelligence,similar,,,,,,,,,,,,,
OH12,red,2019-11-11 19:50:12,computer architecture,searchbox,,,,,,,,,,,,,
,,,,,,,,,,,,,,,,,
,,,,,,,,,,,,,,,,,
,,,,,,,,,,,,,,,,,
,,,,,,,,,,,,,,,,,
,,,,,,,,,,,,,,,,,
,,,,,,,,,,,,,,,,,
,,,,,,,,,,,,,,,,,
,,,,,,,,,,,,,,,,,
,,,,,,,,,,,,,,,,,
,,,,,,,,,,,,,,,,,
,,,,,,,,,,,,,,,,,
,,,,,,,,,,,,,,,,,
,,,,,,,,,,,,,,,,,
,,,,,,,,,,,,,,,,,
,,,,,,,,,,,,,,,,,
,,,,,,,,,,,,,,,,,
,,,,,,,,,,,,,,,,,
,,,,,,,,,,,,,,,,,
,,,,,,,,,,,,,,,,,
,,,,,,,,,,,,,,,,,
,,,,,,,,,,,,,,,,,
,,,,,,,,,,,,,,,,,
,,,,,,,,,,,,,,,,,
,,,,,,,,,,,,,,,,,
,,,,,,,,,,,,,,,,,
,,,,,,,,,,,,,,,,,
,,,,,,,,,,,,,,,,,
,,,,,,,,,,,,,,,,,
,,,,,,,,,,,,,,,,,
,,,,,,,,,,,,,,,,,
,,,,,,,,,,,,,,,,,
,,,,,,,,,,,,,,,,,
,,,,,,,,,,,,,,,,,
,,,,,,,,,,,,,,,,,
,,,,,,,,,,,,,,,,,
,,,,,,,,,,,,,,,,,
,,,,,,,,,,,,,,,,,
,,,,,,,,,,,,,,,,,
,,,,,,,,,,,,,,,,,
,,,,,,,,,,,,,,,,,
,,,,,,,,,,,,,,,,,
,,,,,,,,,,,,,,,,,
,,,,,,,,,,,,,,,,,
,,,,,,,,,,,,,,,,,
,,,,,,,,,,,,,,,,,
,,,,,,,,,,,,,,,,,
,,,,,,,,,,,,,,,,,
,,,,,,,,,,,,,,,,,
,,,,,,,,,,,,,,,,,
,,,,,,,,,,,,,,,,,
,,,,,,,,,,,,,,,,,
,,,,,,,,,,,,,,,,,
,,,,,,,,,,,,,,,,,
,,,,,,,,,,,,,,,,,
,,,,,,,,,,,,,,,,,
,,,,,,,,,,,,,,,,,
,,,,,,,,,,,,,,,,,
,,,,,,,,,,,,,,,,,